"","LUNCHNUMBER","QLang1","QMA13","QMA33","QMA41_2","QMMRT28","QMMRT29","QICC25","QICC24","QCOG3","QCOG20"
"1",69083,749,0,1,0,0,0,1,1,0,0
"2",73409,752,0,0,1,0,0,0,0,0,0
"3",78722,749,0,0,0,0,0,0,0,0,0
"4",176103,759,0,1,1,1,0,0,1,0,0
"5",579281,749,0,1,0,1,0,0,0,0,0
"6",582524,749,1,1,0,0,0,0,0,0,0
"7",583770,749,0,0,0,0,0,1,1,0,0
"8",601932,749,1,0,1,1,0,1,0,0,0
"9",612182,749,1,1,1,1,1,0,1,0,0
"10",614214,750,0,0,1,1,0,1,1,0,0
"11",617269,749,1,1,0,1,0,1,1,0,0
"12",618641,749,1,0,1,0,1,1,1,0,0
"13",618643,749,1,1,1,1,1,1,1,0,0
"14",618644,749,1,0,1,0,0,1,1,0,0
"15",619573,750,1,0,0,0,1,0,0,1,1
"16",619594,749,0,1,1,0,1,1,1,0,0
"17",620443,750,1,1,1,0,0,0,1,1,1
"18",620710,750,0,0,1,1,0,0,0,1,1
"19",621418,749,1,0,1,0,0,1,0,0,0
"20",626314,749,1,0,1,1,0,1,1,0,0
"21",627340,0,0,0,1,0,0,1,1,0,0
"22",627651,749,1,0,1,0,1,0,1,0,0
"23",627922,749,0,1,0,1,0,1,1,0,0
"24",628123,750,1,1,0,0,0,0,1,0,0
"25",628441,750,1,1,0,0,0,0,1,0,0
"26",628501,749,0,1,0,0,0,1,0,0,0
"27",628503,749,0,0,1,1,1,0,1,0,0
"28",628739,749,0,1,1,0,1,0,1,0,0
"29",628849,749,0,1,1,1,1,1,1,0,0
"30",628900,749,1,0,0,0,0,1,1,0,0
"31",629697,749,0,0,0,1,1,0,1,0,0
"32",630466,749,1,1,1,1,1,1,1,0,1
"33",630529,749,1,0,1,0,0,1,1,0,0
"34",631098,749,0,1,0,0,0,1,1,0,0
"35",632273,749,0,1,1,1,1,1,1,0,0
"36",632293,749,1,1,0,0,1,0,1,0,0
"37",632433,749,1,1,1,1,1,1,1,0,0
"38",632442,749,1,0,1,0,1,1,1,0,0
"39",632462,770,1,1,0,0,0,1,1,0,0
"40",632694,0,0,1,1,0,0,1,0,1,1
"41",632706,749,1,1,1,1,1,1,1,0,0
"42",632755,749,1,0,0,1,1,0,1,0,0
"43",632761,749,1,0,1,0,0,1,1,0,0
"44",632770,749,1,0,0,0,0,0,1,0,0
"45",632788,749,1,0,1,1,1,1,1,0,0
"46",632799,750,1,1,1,0,0,1,1,1,0
"47",632800,749,1,0,1,0,1,1,1,0,0
"48",632801,749,1,0,1,0,0,1,1,0,0
"49",632802,749,0,1,1,1,1,1,1,0,0
"50",632866,750,1,1,0,0,0,1,1,1,0
"51",632989,749,1,1,1,0,1,0,1,0,0
"52",632993,750,1,1,0,1,1,0,1,1,1
"53",632995,749,1,1,1,0,0,1,1,0,0
"54",633230,749,1,1,1,0,1,1,1,0,0
"55",633325,749,1,1,1,0,1,1,1,0,0
"56",633335,749,0,1,0,1,1,1,1,0,1
"57",633383,749,1,1,1,1,1,1,1,0,0
"58",633474,749,1,1,0,1,1,0,1,0,0
"59",633624,749,1,1,1,1,1,1,1,0,0
"60",633631,750,0,1,0,0,0,0,1,1,1
"61",633661,750,1,0,0,1,1,1,1,1,1
"62",633665,750,1,1,1,0,1,0,1,1,1
"63",633703,749,0,1,0,0,0,0,1,0,0
"64",633705,749,1,1,0,0,0,0,1,0,0
"65",633760,749,1,1,1,1,1,1,1,0,1
"66",633809,749,1,1,1,0,1,1,1,0,0
"67",633843,750,0,0,0,0,0,1,1,1,1
"68",633860,749,0,0,0,1,0,0,1,0,0
"69",633937,749,1,1,1,1,0,1,1,0,1
"70",633952,749,0,1,0,0,0,1,1,0,1
"71",633984,749,1,1,1,1,1,0,1,0,0
"72",634206,750,1,0,1,0,0,0,0,1,0
"73",634225,749,0,0,1,1,0,1,0,0,0
"74",634244,749,1,1,0,0,0,1,1,0,1
"75",634259,749,1,1,1,1,0,1,1,0,0
"76",634280,750,0,1,0,0,0,0,1,1,0
"77",634283,749,1,0,1,0,0,0,1,0,0
"78",634294,749,1,1,1,0,0,0,1,0,0
"79",634339,749,0,0,1,1,0,0,0,0,0
"80",634431,749,0,0,1,0,0,0,1,0,0
"81",634438,749,1,0,0,0,0,0,1,0,0
"82",634818,750,1,1,1,0,1,1,1,0,0
"83",635085,749,1,1,1,0,0,1,1,0,0
"84",635150,749,1,0,0,1,1,0,1,0,0
"85",635715,749,1,1,0,0,1,1,1,0,0
"86",635734,749,1,1,0,0,0,1,0,0,0
"87",635740,749,1,1,1,0,1,1,1,0,0
"88",635746,749,1,1,1,1,0,1,1,0,0
"89",635769,749,1,1,0,1,0,0,1,1,0
"90",635776,749,0,1,1,1,1,1,1,0,0
"91",635844,750,1,0,0,1,1,0,1,0,0
"92",635859,749,0,0,0,0,1,1,1,0,0
"93",636008,749,1,1,1,1,1,1,1,0,1
"94",636314,749,1,0,0,0,1,0,0,0,0
"95",636469,750,0,1,0,0,0,1,1,0,0
"96",636483,749,0,1,0,0,0,0,0,0,0
"97",636637,749,1,0,1,1,1,0,1,0,0
"98",636656,749,1,1,1,1,1,1,1,0,0
"99",636816,749,1,1,0,0,0,0,0,0,0
"100",636839,750,0,1,0,1,1,1,1,0,0
"101",636890,749,1,0,1,0,0,1,1,0,0
"102",636998,749,0,0,0,1,1,0,1,0,0
"103",637116,750,0,1,1,0,1,1,0,1,1
"104",637280,750,0,0,1,1,0,0,0,1,1
"105",637288,749,0,1,1,0,0,1,1,0,0
"106",637340,749,1,0,0,0,0,0,0,1,0
"107",637354,749,1,0,0,0,0,1,0,0,0
"108",637426,749,1,0,1,0,0,1,0,0,0
"109",637463,750,1,0,1,0,1,1,0,0,0
"110",637502,750,1,1,0,0,0,0,1,0,0
"111",637555,749,1,1,0,0,1,1,1,0,0
"112",637568,749,1,1,0,0,0,0,1,0,0
"113",637735,750,1,1,1,0,0,0,1,0,1
"114",637738,749,1,0,0,0,0,1,0,1,0
"115",637830,749,0,0,1,0,0,1,0,0,0
"116",637963,749,1,0,0,0,0,0,0,1,0
"117",638011,750,1,0,0,0,1,1,1,1,0
"118",638071,749,0,1,1,1,1,0,1,1,1
"119",638090,750,1,0,0,1,0,0,1,1,1
"120",638094,750,1,1,0,1,0,0,1,0,0
"121",638097,749,1,1,0,0,1,0,0,0,0
"122",638138,750,1,0,1,0,0,0,0,1,0
"123",638146,749,1,1,1,0,1,1,0,0,0
"124",638163,750,1,1,0,0,1,1,1,1,0
"125",638224,750,1,0,1,0,0,0,0,1,0
"126",638492,749,0,0,0,1,1,1,1,0,0
"127",638573,749,1,1,0,0,0,1,1,0,0
"128",638629,749,0,0,1,0,0,0,0,0,0
"129",638640,749,1,1,1,0,1,1,1,0,0
"130",638966,0,0,0,0,0,0,0,0,0,0
"131",638995,749,0,0,0,0,1,0,0,0,0
"132",639050,750,1,1,1,0,0,1,0,1,1
"133",639670,749,1,1,0,1,0,0,0,0,0
"134",639753,749,0,1,1,0,0,1,1,0,0
"135",639854,749,0,1,1,0,0,1,1,0,0
"136",639867,750,1,0,1,0,0,0,1,0,0
"137",639889,749,1,1,1,1,1,0,0,0,0
"138",640218,749,1,1,1,0,1,0,0,0,0
"139",640288,750,1,0,1,0,0,1,1,0,0
"140",640464,749,1,1,1,0,0,1,1,0,0
"141",640747,749,0,1,1,0,1,0,0,0,0
"142",640790,749,0,0,1,0,1,1,1,0,0
"143",640793,749,1,0,1,1,0,0,1,0,0
"144",640875,750,0,1,0,0,0,1,1,0,0
"145",640887,749,1,1,1,1,0,0,1,0,0
"146",640895,749,0,1,0,1,0,0,1,0,1
"147",641353,752,1,1,1,0,1,1,1,0,0
"148",641543,749,1,0,0,1,1,1,1,0,0
"149",641936,749,0,0,1,1,0,0,1,0,1
"150",642018,749,1,0,1,1,1,1,1,0,0
"151",642045,750,0,1,0,1,0,1,0,1,0
"152",642187,749,0,0,0,1,1,0,1,0,0
"153",642645,752,1,1,1,0,0,0,0,0,0
"154",642650,752,1,0,0,1,1,1,1,0,0
"155",642712,749,1,0,1,1,1,1,1,0,0
"156",642761,750,0,0,0,0,1,1,1,1,0
"157",643205,749,0,0,0,0,1,0,1,1,0
"158",643226,749,0,0,0,0,0,0,1,0,0
"159",643352,749,1,0,1,0,1,0,1,0,0
"160",643424,750,1,1,0,1,0,0,1,1,1
"161",643429,749,1,1,1,0,0,0,1,0,0
"162",643564,750,0,0,0,0,0,0,1,0,0
"163",643797,750,0,1,0,0,1,0,1,0,0
"164",643922,749,0,0,0,0,0,0,0,0,0
"165",644066,749,0,0,1,0,1,0,1,0,0
"166",644072,761,0,1,1,0,0,1,1,0,0
"167",644084,749,1,1,0,0,0,0,1,0,0
"168",644190,750,1,0,1,0,0,1,0,1,0
"169",644287,749,1,1,1,0,0,1,1,0,0
"170",644604,749,1,0,0,1,0,1,0,0,0
"171",644758,749,1,1,0,1,0,0,1,0,0
"172",644785,749,0,0,0,0,1,1,1,0,0
"173",644859,749,0,0,1,0,1,1,1,0,0
"174",644948,752,0,0,0,0,0,1,1,0,0
"175",645251,749,1,1,1,1,1,1,1,0,0
"176",645301,749,1,1,1,1,1,1,1,0,0
"177",645482,750,1,1,0,1,1,0,1,1,1
"178",645582,750,1,1,1,0,1,0,1,0,0
"179",645643,0,0,1,0,0,0,0,1,0,0
"180",645858,749,1,0,0,0,0,0,0,1,0
"181",646213,750,1,1,1,0,1,0,1,1,0
"182",646430,749,1,1,0,0,0,1,1,0,0
"183",646450,750,1,0,1,0,1,1,1,1,0
"184",646736,0,1,1,0,0,0,0,0,0,0
"185",646913,749,0,0,0,0,1,1,1,0,0
"186",647061,749,1,0,1,0,0,1,0,0,0
"187",647435,750,0,0,0,0,1,0,1,0,0
"188",648104,750,1,1,1,1,1,0,0,0,1
"189",648107,750,1,0,0,0,1,0,1,0,0
"190",648284,749,1,1,1,0,0,1,0,0,0
"191",648296,749,1,1,1,0,1,1,1,0,1
"192",648380,749,1,1,1,1,1,1,1,0,0
"193",648447,749,1,0,1,0,0,0,1,0,0
"194",648692,749,0,1,0,0,0,1,1,0,0
"195",648693,749,1,1,0,1,0,0,1,0,0
"196",648713,749,0,1,0,0,0,0,1,0,0
"197",648857,749,1,1,0,0,0,1,1,0,0
"198",648868,749,1,1,1,0,1,1,1,0,0
"199",648970,749,0,1,1,1,1,1,1,0,0
"200",648972,749,1,0,1,0,0,0,0,0,0
"201",649037,749,1,1,1,1,1,1,1,0,0
"202",649093,750,0,0,0,0,0,1,1,0,0
"203",649107,749,1,1,1,0,0,1,1,0,0
"204",649118,749,1,1,1,1,1,0,1,0,0
"205",649147,749,1,1,1,0,1,1,1,0,0
"206",649159,770,1,0,1,1,1,1,1,0,0
"207",649161,749,1,1,1,1,1,0,1,0,0
"208",649188,750,0,1,1,0,0,1,0,0,0
"209",649190,770,0,0,1,1,0,0,1,0,1
"210",649203,749,0,1,1,0,1,1,1,0,0
"211",649232,749,1,1,1,0,0,1,1,0,0
"212",649372,749,1,1,1,0,0,1,1,0,0
"213",649374,749,1,1,1,0,0,1,1,0,0
"214",649483,749,1,1,1,1,1,1,1,0,1
"215",649487,753,0,1,1,1,0,1,1,0,0
"216",649604,749,1,1,0,0,0,1,0,0,0
"217",649614,750,0,0,1,1,1,0,1,0,0
"218",649652,752,1,1,1,0,0,0,1,1,0
"219",649742,749,1,1,1,1,1,1,1,0,0
"220",649772,750,0,1,1,1,0,0,1,1,0
"221",649806,749,1,1,0,0,0,1,1,1,0
"222",649818,749,1,0,1,1,1,0,1,0,0
"223",649833,754,1,1,1,0,0,0,1,0,0
"224",649841,750,1,1,0,1,1,1,1,0,0
"225",649952,749,1,0,1,1,1,1,1,0,0
"226",649966,749,1,1,0,0,0,1,1,0,0
"227",650057,750,0,0,1,0,0,0,1,0,0
"228",650114,750,1,1,1,1,1,1,1,0,0
"229",650163,750,0,1,1,1,1,0,1,0,0
"230",650166,749,1,1,1,1,0,1,1,0,0
"231",650175,749,1,1,1,1,1,0,1,0,0
"232",650199,750,1,1,1,0,0,0,0,1,1
"233",650222,749,0,1,0,0,1,1,1,0,0
"234",650245,750,1,0,1,1,0,0,1,1,1
"235",650246,751,1,0,1,1,0,0,0,0,0
"236",650272,750,1,0,0,0,0,0,0,0,0
"237",650277,749,0,1,0,0,0,1,1,0,0
"238",650283,750,1,0,0,0,0,0,1,1,0
"239",650348,749,1,0,1,1,1,1,1,1,1
"240",650362,749,1,0,1,0,1,0,1,0,0
"241",650382,750,1,1,1,0,1,0,1,0,0
"242",650390,749,0,1,1,1,1,1,1,0,0
"243",650433,750,1,1,1,0,0,0,0,0,0
"244",650455,749,1,0,0,0,0,0,1,0,0
"245",650499,749,0,1,1,0,1,0,1,0,0
"246",650513,749,0,1,1,0,0,0,1,0,0
"247",650567,750,1,0,1,0,0,0,0,0,1
"248",650570,749,0,0,0,1,1,0,1,0,0
"249",650586,749,1,1,1,1,0,0,1,0,0
"250",650599,750,1,0,0,1,0,0,0,0,0
"251",650609,750,1,1,0,0,0,1,1,0,0
"252",650612,750,0,1,0,0,0,1,1,0,0
"253",650630,749,1,0,1,0,1,1,1,0,0
"254",650689,749,1,0,1,0,1,1,1,0,0
"255",650718,749,1,1,1,0,1,1,1,0,0
"256",650740,749,0,1,1,0,1,1,1,0,0
"257",650760,750,1,1,1,0,1,1,1,0,0
"258",650783,749,0,1,1,1,1,1,1,0,0
"259",650793,749,1,0,0,1,1,0,0,0,0
"260",650800,749,1,1,1,0,1,0,1,0,0
"261",650868,749,0,0,1,0,1,1,0,0,0
"262",650884,749,1,1,1,0,1,1,1,0,0
"263",650888,749,1,1,1,1,1,0,1,0,0
"264",650983,749,1,1,1,1,1,0,0,0,1
"265",651182,749,0,1,1,0,0,1,1,0,0
"266",651190,749,0,0,0,0,1,1,0,0,0
"267",651257,749,0,1,1,1,1,0,1,0,0
"268",651258,749,0,0,0,0,0,1,1,0,0
"269",651261,749,1,1,0,1,1,1,1,0,0
"270",651271,749,1,1,0,0,0,0,0,0,0
"271",651280,749,0,0,1,1,1,1,1,0,0
"272",651337,749,1,1,0,1,1,0,1,0,0
"273",651349,749,0,1,0,1,0,0,0,0,0
"274",651352,749,1,0,0,0,1,1,1,0,0
"275",651354,749,1,0,1,0,1,1,1,0,0
"276",651365,749,1,1,0,0,1,1,1,0,0
"277",651753,750,1,0,1,1,0,0,1,0,0
"278",651876,749,1,0,1,0,0,1,1,0,0
"279",651894,750,1,1,0,0,0,1,1,0,0
"280",651913,750,1,1,1,1,1,0,1,0,1
"281",651950,749,1,0,0,0,1,1,1,0,0
"282",651960,752,1,1,1,1,1,1,0,0,0
"283",651962,749,1,1,1,0,1,1,1,0,0
"284",651994,749,1,0,1,1,0,1,1,1,1
"285",652011,750,0,1,0,0,0,0,0,0,0
"286",652187,750,1,1,1,1,1,1,1,0,0
"287",652208,749,0,1,1,0,0,1,1,0,0
"288",652211,750,1,0,1,0,1,0,0,0,0
"289",652318,750,0,1,1,0,1,1,1,0,1
"290",652329,750,1,1,1,0,0,0,0,0,0
"291",652331,749,0,1,1,1,0,1,1,1,0
"292",652332,750,1,1,1,0,1,1,1,1,0
"293",652348,750,0,1,0,1,1,0,0,0,1
"294",652368,750,1,1,0,1,1,1,1,1,0
"295",652371,750,0,1,0,0,0,1,1,0,0
"296",652374,750,0,0,1,0,0,0,1,1,0
"297",652390,750,0,0,1,0,0,1,0,1,0
"298",652410,749,0,0,0,1,0,0,1,0,0
"299",652470,749,0,1,0,1,0,0,1,0,0
"300",652474,770,1,0,1,0,0,0,1,0,0
"301",652480,752,0,1,1,0,0,0,0,0,0
"302",652481,750,0,1,0,0,1,1,1,1,0
"303",652491,749,1,0,1,0,0,1,0,0,0
"304",652502,752,1,1,1,0,1,1,1,0,0
"305",652503,749,1,1,0,1,0,1,0,0,0
"306",652504,749,1,1,0,1,1,0,1,0,0
"307",652540,750,0,0,0,1,1,0,1,1,0
"308",652614,750,1,0,1,1,0,1,1,1,1
"309",652620,749,1,0,1,0,0,1,1,0,0
"310",652621,749,1,1,1,0,0,1,1,0,0
"311",652649,749,1,0,1,1,1,1,1,0,0
"312",652706,749,0,1,1,1,1,1,1,0,0
"313",652712,750,1,0,1,1,1,1,1,0,0
"314",652835,752,0,1,1,0,1,1,1,0,0
"315",652862,749,0,0,1,0,0,0,1,0,0
"316",652946,749,1,0,0,0,0,1,1,0,0
"317",652977,749,1,1,1,0,1,1,1,0,0
"318",653189,749,1,0,1,0,0,1,1,0,0
"319",653309,749,1,1,0,0,1,1,0,0,0
"320",653367,749,1,0,1,0,0,1,1,0,0
"321",653411,749,0,0,1,1,0,1,1,0,0
"322",653733,749,1,1,1,1,0,0,1,0,0
"323",653803,749,1,1,1,0,0,1,1,0,0
"324",653869,749,1,1,1,0,0,0,1,0,0
"325",653929,749,1,1,0,1,1,0,1,0,0
"326",653941,749,0,0,1,0,0,0,0,0,0
"327",654045,749,1,0,0,1,1,1,1,0,0
"328",654057,751,1,0,1,1,1,0,1,0,0
"329",654102,750,1,0,1,1,0,0,1,1,0
"330",654122,749,1,1,1,0,1,1,1,0,0
"331",654126,749,1,0,1,1,1,1,0,0,0
"332",654130,750,1,1,1,0,1,0,1,1,0
"333",654135,0,0,0,0,0,0,0,1,1,0
"334",654136,750,0,0,0,1,1,0,1,1,0
"335",654185,750,1,1,1,0,1,1,1,0,0
"336",654239,749,1,0,0,1,1,1,0,0,0
"337",654252,751,1,0,1,0,1,1,1,0,0
"338",654255,749,1,1,1,1,0,1,1,0,0
"339",654258,750,1,1,0,1,1,0,1,0,1
"340",654297,749,0,1,0,0,1,0,0,0,0
"341",654315,749,0,0,0,0,0,0,0,0,0
"342",654336,749,0,0,1,0,1,1,1,0,1
"343",654419,749,1,1,1,0,0,1,1,0,0
"344",654423,750,1,1,1,0,0,0,0,0,0
"345",654512,750,0,1,0,0,0,0,0,0,0
"346",654549,750,0,0,0,0,1,0,0,1,1
"347",654589,749,1,1,1,1,0,1,0,1,1
"348",654631,749,1,0,1,0,0,0,1,0,0
"349",654644,750,1,1,1,1,1,1,0,1,1
"350",654692,750,1,0,1,0,0,1,0,1,0
"351",655079,750,1,1,1,0,1,0,1,0,0
"352",655215,749,1,0,0,1,0,1,1,1,0
"353",655238,750,1,1,1,0,1,0,1,1,0
"354",655284,749,0,0,1,0,0,1,1,0,0
"355",655334,750,1,1,0,0,1,0,1,0,0
"356",655341,750,1,1,1,1,1,0,1,1,0
"357",655428,749,1,1,0,1,1,0,1,0,0
"358",655451,750,1,0,1,1,1,0,1,1,1
"359",655456,0,1,0,1,0,0,0,0,0,0
"360",655607,749,0,0,1,0,1,0,0,0,0
"361",655703,749,1,0,0,0,0,0,0,0,0
"362",655712,750,0,1,1,1,1,0,1,0,1
"363",655725,749,0,1,0,0,0,1,1,0,0
"364",655786,749,0,1,1,0,0,1,1,0,0
"365",656299,749,0,0,0,0,0,0,1,1,0
"366",656303,750,1,1,1,1,1,0,0,0,0
"367",656307,749,1,1,0,0,1,1,1,0,0
"368",656308,749,1,0,0,0,0,0,1,0,1
"369",656337,751,0,1,1,0,0,0,1,0,0
"370",656373,749,1,1,1,1,1,1,1,0,1
"371",656382,749,1,1,1,1,1,1,1,0,0
"372",656388,749,0,0,1,0,0,0,1,0,0
"373",656501,770,1,1,1,1,0,0,1,0,0
"374",656527,749,0,0,0,0,0,1,1,0,0
"375",656756,750,0,0,0,0,1,0,1,1,0
"376",656890,749,1,0,0,0,0,1,0,0,0
"377",657087,750,1,1,0,1,0,0,1,0,0
"378",657365,749,0,0,1,1,1,1,0,0,0
"379",657383,752,1,0,0,0,0,0,1,0,0
"380",657407,750,1,1,1,1,1,1,0,1,0
"381",657479,750,1,0,1,0,1,1,0,1,0
"382",657542,749,1,0,1,0,1,0,1,0,0
"383",657644,750,0,1,1,0,0,1,1,0,1
"384",657666,750,0,1,0,0,1,0,1,1,0
"385",657747,749,1,0,1,1,1,0,1,0,0
"386",657903,0,1,0,1,0,0,0,0,1,0
"387",658077,754,0,1,1,1,1,1,1,0,0
"388",658098,750,1,0,1,1,1,1,1,0,0
"389",658176,749,1,0,1,0,0,1,1,0,0
"390",658191,749,0,1,1,1,1,1,1,1,0
"391",658267,750,1,0,0,0,1,0,1,0,0
"392",658352,749,1,0,0,1,1,1,1,0,0
"393",658363,749,1,1,0,0,0,1,1,0,0
"394",658527,0,0,0,0,0,0,0,0,1,1
"395",658600,749,1,0,0,0,0,1,1,0,0
"396",658719,749,1,0,0,1,1,1,1,0,0
"397",658736,749,1,1,0,0,0,1,1,0,0
"398",658749,750,1,0,1,0,0,1,1,1,1
"399",658811,750,1,0,1,0,0,0,1,0,0
"400",658871,750,1,1,1,0,0,1,1,0,0
"401",659143,749,1,1,1,1,0,1,1,0,0
"402",659158,749,1,0,1,1,1,1,1,0,0
"403",659255,749,0,1,0,0,0,0,1,0,0
"404",659273,750,1,0,0,0,1,1,1,0,1
"405",659316,749,1,1,1,0,1,1,1,0,0
"406",659340,749,1,0,0,1,1,1,1,0,0
"407",659444,749,0,1,1,1,1,0,1,0,0
"408",659569,749,0,0,0,0,0,0,0,0,0
"409",659577,749,1,0,0,1,1,1,1,0,0
"410",659662,750,1,1,1,1,0,0,1,0,0
"411",659871,750,1,0,0,0,0,1,1,1,0
"412",659969,750,1,0,1,1,0,1,1,1,0
"413",660157,749,1,0,0,1,1,1,0,0,0
"414",660276,749,1,1,1,0,1,1,1,0,0
"415",660286,749,1,1,1,0,0,1,1,0,0
"416",660289,750,0,0,0,1,1,1,0,1,1
"417",660298,749,0,1,0,0,1,1,1,0,0
"418",660336,749,1,1,1,0,0,1,1,0,0
"419",660352,750,1,1,1,0,0,0,1,1,1
"420",660359,750,1,0,0,1,1,1,1,1,0
"421",660388,750,1,0,1,0,1,1,1,1,0
"422",660401,750,1,1,1,0,1,1,1,1,1
"423",660411,750,0,0,0,1,0,0,1,1,1
"424",660412,750,0,0,0,1,0,0,1,1,0
"425",660620,749,0,0,1,0,0,1,1,0,0
"426",660654,749,1,1,1,0,0,1,0,0,0
"427",660792,749,0,0,1,0,0,0,0,1,0
"428",660970,0,0,0,1,1,0,0,1,1,1
"429",661005,749,1,1,0,1,1,1,1,0,0
"430",661136,750,0,0,1,1,0,0,0,0,0
"431",661215,752,1,1,0,0,0,1,0,0,0
"432",661405,749,0,0,0,0,0,0,0,0,0
"433",661407,749,1,1,0,0,0,1,1,0,0
"434",661552,749,1,1,1,0,1,1,1,1,0
"435",661567,749,0,1,1,1,0,1,0,0,0
"436",661763,749,0,0,0,0,0,0,1,0,0
"437",661856,749,0,1,1,1,1,1,1,0,0
"438",661932,749,1,1,0,0,1,0,1,0,0
"439",661958,0,0,1,1,0,0,0,0,0,0
"440",662036,749,1,1,1,0,1,0,0,0,0
"441",662057,749,0,0,1,0,0,0,1,0,0
"442",662095,749,1,0,0,1,0,0,0,1,0
"443",662117,749,1,1,1,0,0,0,1,0,0
"444",662281,749,0,1,0,1,0,0,0,0,0
"445",662508,749,1,1,0,0,1,0,1,0,0
"446",662639,749,1,0,0,0,0,0,1,0,0
"447",662646,749,0,0,1,0,1,0,1,0,0
"448",662706,749,0,0,0,0,0,0,0,0,0
"449",662790,750,1,1,0,0,0,1,0,1,0
"450",663052,749,1,0,0,0,0,1,0,0,0
"451",663054,0,1,0,0,0,0,0,0,0,0
"452",663092,750,1,1,1,1,1,1,0,0,0
"453",663145,750,0,0,0,0,0,0,1,0,0
"454",663158,749,1,1,1,0,1,1,1,0,0
"455",663183,0,1,1,0,0,0,0,1,0,0
"456",663495,749,1,1,1,1,1,1,1,0,0
"457",663731,750,1,1,0,0,0,1,1,0,0
"458",663915,750,1,0,1,1,1,1,0,0,0
"459",663916,749,1,1,0,1,0,1,1,0,0
"460",663946,750,1,0,1,0,0,0,1,1,0
"461",663976,749,1,1,1,0,0,0,1,0,0
"462",664112,749,1,1,1,0,0,1,1,0,0
"463",664216,749,0,1,0,1,0,0,1,0,0
"464",664529,749,1,1,0,1,1,0,1,1,1
"465",664852,749,0,1,1,1,0,1,1,0,0
"466",664880,749,1,0,1,0,1,0,0,0,0
"467",664958,749,1,1,0,0,1,0,1,0,0
"468",664988,750,1,0,1,1,1,0,0,1,0
"469",665330,749,1,0,0,0,0,1,1,0,0
"470",665345,749,1,0,1,0,1,0,1,0,0
"471",665408,750,0,1,0,1,0,0,1,1,1
"472",665474,750,0,0,1,0,0,0,1,1,1
"473",665507,750,1,0,1,0,0,0,0,0,0
"474",665529,0,1,0,1,0,0,0,0,0,0
"475",665689,749,0,1,1,1,0,1,0,0,0
"476",665733,749,1,1,1,1,0,1,1,0,0
"477",665744,0,1,0,1,0,1,0,1,0,0
"478",665750,749,1,1,1,0,1,0,1,0,0
"479",665849,749,1,1,0,0,0,0,1,0,0
"480",665937,749,1,1,0,0,0,1,1,0,0
"481",665940,749,1,0,0,0,0,1,1,0,0
"482",665958,752,1,0,0,0,1,0,1,0,0
"483",665963,749,1,1,0,0,1,1,1,0,0
"484",665987,750,1,1,1,1,0,1,0,0,0
"485",666071,749,1,1,1,0,0,0,0,0,0
"486",666094,749,1,0,1,0,1,1,1,0,0
"487",666115,766,0,1,1,0,0,1,1,0,0
"488",666189,0,0,0,0,1,1,0,0,0,1
"489",666261,749,0,1,0,0,0,0,0,0,0
"490",666280,750,1,1,0,1,1,0,1,1,1
"491",666319,749,0,1,1,0,0,1,0,0,0
"492",666366,749,0,1,0,0,0,0,1,0,0
"493",666420,752,0,0,1,0,0,1,1,0,0
"494",666425,752,1,1,1,1,0,0,0,0,0
"495",666432,749,1,1,1,1,0,1,1,0,0
"496",666457,749,0,0,0,0,0,0,1,0,0
"497",666484,750,1,1,1,1,1,0,0,0,0
"498",666500,749,0,1,0,0,1,1,1,0,0
"499",666505,749,1,1,1,1,1,1,1,0,0
"500",666520,750,0,1,1,1,1,0,1,1,1
"501",666532,0,0,0,1,1,1,1,0,1,0
"502",666593,749,0,1,1,1,1,1,1,0,0
"503",666707,750,1,0,0,0,0,0,1,0,0
"504",666716,749,1,0,1,0,0,0,1,0,0
"505",666774,749,1,0,0,0,0,1,1,0,0
"506",666800,749,1,1,0,1,1,0,1,0,0
"507",666852,749,1,0,0,1,0,0,1,0,0
"508",666871,749,1,1,1,0,0,1,1,0,0
"509",666875,0,1,0,1,0,0,0,0,0,1
"510",666882,749,1,1,1,0,0,0,1,1,1
"511",666890,749,1,1,0,0,0,1,1,0,1
"512",666892,749,1,1,1,1,1,1,1,0,0
"513",666899,750,1,0,1,0,1,1,1,0,0
"514",666995,749,1,1,0,1,0,0,0,1,0
"515",667025,749,1,1,1,0,1,0,1,0,0
"516",667064,749,0,0,1,0,1,1,1,1,0
"517",667103,750,1,0,1,0,0,0,1,1,0
"518",667190,750,1,1,1,0,0,1,1,1,0
"519",667212,0,1,1,1,0,0,0,1,0,0
"520",667262,749,0,1,1,0,1,1,1,0,0
"521",667290,0,0,0,0,0,0,1,0,0,0
"522",667304,749,1,1,1,0,0,1,1,0,0
"523",667306,0,1,0,0,0,0,1,1,0,0
"524",667379,749,1,0,0,0,0,0,0,0,0
"525",667383,0,1,0,1,1,1,1,1,0,0
"526",667387,749,1,1,0,0,0,0,1,0,0
"527",667399,750,1,1,1,0,1,1,1,0,0
"528",667437,749,1,1,1,0,1,1,1,0,0
"529",667463,749,0,1,0,1,0,0,1,0,0
"530",667464,0,1,1,1,0,0,1,1,0,1
"531",667467,750,0,0,1,0,0,0,1,1,0
"532",667474,749,0,1,0,1,1,1,1,0,0
"533",667552,749,0,0,1,1,0,0,1,0,0
"534",667635,749,1,1,1,0,1,1,1,0,0
"535",667774,750,1,0,0,0,0,1,0,1,1
"536",667783,749,1,1,1,0,1,1,1,0,1
"537",667853,749,0,0,1,0,0,0,1,0,0
"538",667870,760,1,0,1,0,1,1,1,0,0
"539",667877,749,1,1,0,1,1,0,0,0,0
"540",667879,750,0,0,0,0,0,0,1,0,0
"541",667895,749,1,0,0,0,0,1,0,0,0
"542",667896,749,1,0,0,0,0,0,0,0,0
"543",667957,0,1,0,1,0,1,1,1,0,0
"544",667965,750,1,0,1,0,1,0,1,0,0
"545",667984,750,1,0,1,0,1,1,1,0,0
"546",668034,770,0,0,1,0,1,0,0,0,0
"547",668048,749,1,1,1,0,0,0,1,0,0
"548",668065,0,1,1,1,1,1,0,0,0,0
"549",668082,750,1,0,1,1,0,0,0,0,1
"550",668148,770,0,0,0,0,0,1,1,0,0
"551",668153,749,0,0,1,0,0,1,0,0,0
"552",668163,749,1,0,1,0,0,0,1,0,0
"553",668261,749,1,1,1,1,1,0,1,0,0
"554",668275,749,1,1,1,0,1,1,1,0,0
"555",668305,750,1,1,0,0,0,0,1,0,1
"556",668356,749,1,1,1,0,1,0,1,1,1
"557",668366,750,1,0,1,1,0,1,1,1,1
"558",668375,749,1,1,1,0,1,1,1,0,0
"559",668384,751,1,1,0,0,1,1,1,0,0
"560",668394,749,0,1,1,0,0,0,1,0,0
"561",668410,749,1,1,0,0,0,1,1,0,0
"562",668412,749,1,0,1,0,1,0,1,0,0
"563",668441,749,1,0,1,0,0,1,1,0,0
"564",668450,749,1,1,0,0,0,0,1,0,0
"565",668462,749,1,1,1,0,1,1,1,0,0
"566",668493,756,0,0,0,1,1,0,0,0,0
"567",668500,749,1,0,0,1,1,1,1,0,0
"568",668511,749,1,0,0,1,1,0,1,0,0
"569",668512,749,1,1,0,0,0,1,1,0,0
"570",668624,749,1,1,1,1,0,1,0,0,0
"571",668636,749,1,0,1,1,0,1,1,0,0
"572",668637,750,1,1,0,0,0,1,0,0,0
"573",668660,749,1,0,1,1,1,1,1,0,0
"574",668713,750,1,1,1,0,0,1,0,0,0
"575",668765,750,1,1,1,1,1,0,1,0,0
"576",668772,749,1,1,1,1,1,0,1,0,0
"577",668932,750,1,1,1,0,0,1,1,1,0
"578",669051,749,0,1,0,1,1,1,1,0,0
"579",669076,750,0,1,1,1,0,0,1,0,0
"580",669254,750,1,0,1,0,1,0,1,1,0
"581",669310,750,1,0,1,1,0,1,1,0,1
"582",669390,750,0,1,1,1,0,0,1,0,0
"583",669420,750,0,1,1,0,1,1,1,1,0
"584",669579,749,0,1,0,1,0,0,0,0,0
"585",669584,749,1,0,0,0,0,1,1,0,0
"586",669608,749,1,1,1,1,0,0,1,0,0
"587",669759,749,0,1,1,1,1,0,1,0,0
"588",669830,750,0,1,0,0,0,0,0,1,0
"589",669904,749,0,0,0,0,0,1,1,0,1
"590",669923,749,1,0,1,0,0,0,0,0,0
"591",669929,750,0,1,0,0,0,1,0,1,0
"592",669931,750,1,0,1,0,1,0,1,1,0
"593",669957,749,1,0,1,0,0,0,1,0,0
"594",670182,749,0,0,1,1,1,0,0,0,0
"595",670190,749,1,1,1,0,1,1,1,0,0
"596",670319,750,1,0,1,0,0,0,0,0,0
"597",670455,749,1,0,1,0,0,1,1,0,0
"598",670482,0,1,1,0,0,0,1,0,0,0
"599",670564,749,0,1,1,0,0,1,1,0,0
"600",670598,749,1,1,1,1,1,1,0,0,0
"601",670707,749,1,0,1,1,0,0,1,1,1
"602",670777,750,0,1,0,0,0,0,1,0,0
"603",670882,749,0,1,0,0,1,1,1,0,0
"604",670890,749,1,0,1,0,0,0,0,0,0
"605",670917,749,1,1,0,0,0,1,1,0,0
"606",671001,0,0,0,0,0,0,1,0,0,0
"607",671115,749,1,1,1,0,0,1,1,0,0
"608",671116,752,1,0,1,0,1,0,0,0,0
"609",671119,761,1,1,1,0,1,1,1,0,0
"610",671138,749,0,0,1,0,0,0,1,0,0
"611",671145,749,1,0,0,0,0,0,1,0,0
"612",671267,749,0,0,1,0,0,0,1,1,0
"613",671315,749,1,1,1,0,0,1,1,0,0
"614",671343,0,1,0,0,0,0,0,1,0,0
"615",671446,749,1,1,1,0,0,0,1,1,0
"616",671504,0,1,0,0,1,1,0,1,0,0
"617",671573,749,0,1,1,0,0,0,0,0,0
"618",671782,749,1,0,1,0,1,0,1,0,0
"619",671796,749,0,1,1,0,0,0,1,0,0
"620",671809,750,0,0,1,1,1,1,1,1,1
"621",671810,750,1,0,1,0,1,0,0,0,0
"622",671814,750,0,0,0,0,0,1,0,1,0
"623",671818,749,1,1,1,0,0,0,1,0,0
"624",671873,750,0,0,0,0,1,1,0,1,0
"625",671879,770,1,1,1,0,1,1,1,0,0
"626",671974,749,1,1,1,0,1,1,1,0,0
"627",672069,0,1,0,1,1,0,0,1,1,0
"628",672148,749,0,0,1,1,1,1,1,0,0
"629",672201,749,1,0,1,0,0,1,0,0,0
"630",672276,749,0,1,1,1,0,1,1,0,0
"631",672320,749,0,0,0,0,0,0,1,0,0
"632",672323,749,0,1,1,1,0,0,1,1,0
"633",672398,749,1,1,0,0,1,1,1,0,0
"634",672515,750,1,1,1,0,1,1,1,0,1
"635",672516,750,0,1,1,0,0,0,1,1,0
"636",672520,750,0,0,1,0,0,0,1,1,0
"637",672529,750,1,0,0,0,1,0,0,0,0
"638",672531,750,1,0,1,1,1,1,1,0,1
"639",672534,750,0,1,1,0,1,0,0,1,0
"640",672559,749,1,0,1,1,0,1,1,0,0
"641",672665,750,1,0,1,1,1,1,0,1,0
"642",672666,750,1,0,0,0,0,1,1,0,1
"643",672704,750,1,1,0,0,0,0,1,1,1
"644",672766,750,1,1,0,1,0,0,0,0,1
"645",672825,749,1,1,1,0,0,1,1,0,0
"646",672913,0,0,0,0,0,0,0,0,0,0
"647",672913,749,1,0,0,0,0,0,1,0,0
"648",673140,749,1,0,0,1,0,1,1,0,0
"649",673170,770,1,1,1,0,1,1,1,1,0
"650",673185,749,0,0,0,0,0,1,0,0,0
"651",673258,749,0,1,1,1,0,0,1,0,0
"652",673315,750,0,1,0,0,1,1,1,0,0
"653",673336,750,0,0,1,0,0,1,1,1,0
"654",673341,749,0,1,1,0,0,0,0,0,0
"655",673343,749,1,1,1,0,1,0,0,0,0
"656",673345,750,0,1,0,1,0,0,0,0,0
"657",673447,749,0,1,0,0,1,1,1,0,0
"658",673456,749,0,0,0,1,1,1,0,0,0
"659",673536,749,1,1,0,0,1,1,1,0,0
"660",673550,749,0,0,1,1,1,1,1,0,0
"661",673596,749,1,1,1,0,0,1,1,0,0
"662",673615,0,1,0,1,0,0,0,1,0,0
"663",673650,749,0,0,1,0,0,0,1,0,0
"664",673664,749,1,0,1,0,1,1,0,0,0
"665",673690,750,1,0,0,0,0,1,1,0,0
"666",673799,750,1,0,0,1,1,1,1,0,0
"667",673801,0,1,0,0,1,0,1,1,0,0
"668",673848,749,1,0,0,0,0,0,1,0,0
"669",674002,750,1,0,0,0,0,0,0,0,0
"670",674157,749,1,0,1,1,0,0,1,0,0
"671",674165,749,0,0,1,0,0,1,1,0,0
"672",674169,750,1,0,1,0,0,1,1,0,0
"673",674257,750,1,0,1,1,0,1,1,0,0
"674",674305,750,1,1,1,0,0,0,1,1,0
"675",674313,749,1,1,1,0,1,0,1,1,0
"676",674340,750,1,0,0,1,0,0,0,1,1
"677",674353,749,0,0,0,0,0,0,1,0,0
"678",674364,750,1,1,1,0,0,1,1,1,0
"679",674379,750,1,1,0,0,1,0,1,0,0
"680",674441,750,1,1,0,1,1,0,1,1,0
"681",674467,750,1,1,1,0,1,1,1,0,0
"682",674480,749,1,1,1,0,0,1,1,0,0
"683",674631,749,0,0,0,0,0,1,1,0,0
"684",674830,749,1,0,1,0,1,0,1,0,0
"685",674892,750,0,0,1,0,0,0,0,0,0
"686",674914,749,0,1,0,0,1,0,0,0,1
"687",674993,750,0,0,0,0,0,1,0,0,0
"688",674994,750,0,0,1,0,0,0,1,1,0
"689",675044,750,0,0,1,0,0,0,0,0,0
"690",675074,749,1,1,1,0,0,1,1,0,0
"691",675290,750,1,1,1,1,0,0,1,1,0
"692",675362,750,0,1,0,0,0,1,1,1,0
"693",675579,749,1,0,0,1,1,0,1,0,0
"694",675587,749,0,0,0,0,0,0,0,0,0
"695",675675,749,1,1,0,0,1,0,1,0,0
"696",675826,749,0,1,0,0,1,1,1,0,1
"697",675971,761,0,0,0,0,0,0,0,0,0
"698",676006,749,0,0,0,1,0,0,1,0,0
"699",676022,0,1,0,0,0,0,1,0,1,0
"700",676434,749,0,0,1,1,0,0,1,0,0
"701",676456,749,0,1,1,0,0,1,0,0,0
"702",676526,749,1,0,1,1,0,0,1,0,0
"703",676560,749,0,1,0,0,0,0,1,0,0
"704",676569,750,1,1,1,1,0,0,1,0,0
"705",676591,750,1,0,0,1,1,1,1,1,0
"706",676622,749,1,0,0,1,1,1,1,0,0
"707",676682,750,1,1,1,0,0,1,0,0,0
"708",676728,749,0,1,1,0,0,1,1,0,0
"709",676794,749,0,1,1,0,0,1,1,0,0
"710",676816,749,1,1,0,0,1,1,1,0,0
"711",677092,749,1,1,0,0,1,0,1,0,0
"712",677259,770,1,1,0,0,1,1,1,0,0
"713",677321,0,0,1,0,1,1,1,1,0,0
"714",677409,749,0,1,0,0,0,1,0,1,1
"715",677539,749,1,0,0,0,1,0,1,0,1
"716",677633,749,1,0,1,0,0,0,1,0,0
"717",677770,749,1,1,1,0,0,0,1,0,0
"718",677814,749,1,0,0,0,0,0,0,0,0
"719",678222,750,1,1,1,1,1,1,1,1,1
"720",678365,749,1,0,1,0,0,0,1,0,0
"721",678519,750,1,0,0,1,1,0,1,1,0
"722",678537,0,0,0,0,0,0,0,0,0,0
"723",678596,749,0,1,0,1,0,1,1,0,0
"724",678641,770,1,1,1,1,1,0,0,0,0
"725",678856,749,1,1,0,0,0,0,0,1,0
"726",679261,750,0,1,1,0,0,1,0,0,0
"727",679403,749,1,1,1,0,1,0,1,0,0
"728",679404,749,0,0,1,0,0,1,1,0,0
"729",679493,0,1,0,0,0,1,0,0,1,0
"730",679506,749,1,0,0,1,1,1,1,0,0
"731",679648,749,0,0,0,1,0,0,1,0,0
"732",679654,749,0,0,0,0,1,1,1,0,0
"733",679727,749,1,1,1,0,0,1,1,1,1
"734",679831,0,0,0,0,0,0,0,0,0,0
"735",680144,749,1,1,1,1,0,0,1,0,0
"736",680358,749,1,0,0,0,0,1,1,0,0
"737",680775,764,0,1,0,1,1,0,1,0,0
"738",680799,752,0,0,0,0,0,1,1,0,0
"739",680859,0,1,0,0,0,0,0,0,0,0
"740",681203,749,1,0,1,1,1,0,1,1,1
"741",681264,764,0,1,0,0,0,0,1,0,0
"742",681294,750,1,1,1,1,1,1,0,1,0
"743",681462,770,0,0,1,0,0,0,1,0,0
"744",681472,770,1,1,0,1,1,1,1,0,0
"745",681514,749,0,0,1,1,1,1,1,1,0
"746",681584,750,1,0,0,1,1,1,0,1,0
"747",681838,760,1,0,1,1,1,1,0,0,0
"748",682091,749,1,1,1,0,1,0,1,0,0
"749",682100,750,1,0,0,0,0,0,1,1,0
"750",682109,749,1,0,0,1,0,0,0,0,0
"751",682130,756,0,0,0,0,0,0,1,0,0
"752",682275,749,1,1,0,0,0,0,1,0,0
"753",682300,0,0,1,1,0,0,0,1,0,0
"754",682543,749,1,0,0,1,1,1,1,0,0
"755",682586,749,1,1,0,0,0,0,1,0,0
"756",682646,750,1,0,0,0,0,0,1,1,0
"757",682655,749,1,1,0,0,0,1,1,0,0
"758",682829,750,0,0,1,0,0,0,1,0,1
"759",682969,749,0,0,0,0,0,0,0,0,0
"760",683137,749,0,1,0,1,1,1,1,0,0
"761",683155,749,1,1,0,0,1,1,1,0,0
"762",683301,749,1,0,0,1,0,1,1,0,0
"763",683655,749,0,0,1,0,0,1,1,0,0
"764",683721,750,0,0,1,0,0,0,1,1,1
"765",683920,749,1,0,1,0,1,0,1,0,0
"766",683936,749,1,0,1,0,1,0,1,0,0
"767",683941,749,1,0,1,0,0,0,1,0,0
"768",684089,750,1,1,0,1,1,0,0,1,1
"769",684155,0,1,0,1,0,1,0,1,1,0
"770",684242,749,1,1,1,0,1,1,1,0,0
"771",684621,0,0,0,0,0,0,0,1,0,0
"772",684795,749,0,1,0,0,0,1,0,0,0
"773",684889,0,1,0,0,1,1,1,1,0,0
"774",685143,750,1,0,0,0,0,0,1,0,0
"775",685179,750,0,1,0,1,1,1,1,1,1
"776",685183,749,0,0,0,1,1,0,0,0,0
"777",685344,750,1,1,0,0,0,1,1,1,0
"778",685387,749,1,1,1,1,1,1,1,0,0
"779",685504,749,1,0,0,1,1,0,1,0,0
"780",685524,770,1,1,1,1,1,1,1,0,0
"781",685539,749,1,0,0,1,1,1,0,0,0
"782",685662,0,1,1,0,1,1,0,1,0,0
"783",685675,749,1,0,0,0,0,1,1,0,0
"784",685780,750,0,1,1,1,1,1,1,1,0
"785",685864,750,0,1,1,0,1,0,0,1,1
"786",685925,749,1,1,1,0,0,0,0,1,1
"787",685947,749,1,0,1,1,1,1,1,0,0
"788",685967,749,1,0,1,0,1,1,1,0,0
"789",686042,752,1,1,1,0,0,1,1,0,0
"790",686047,749,0,0,1,0,1,1,1,0,0
"791",686169,750,1,0,0,0,1,0,1,1,1
"792",686312,749,1,1,0,0,0,1,0,1,0
"793",686493,759,0,0,0,0,1,1,1,0,0
"794",686561,750,0,0,1,0,1,0,0,1,0
"795",686719,750,1,1,1,1,0,1,1,1,1
"796",686884,750,0,0,0,0,1,0,0,1,1
"797",686941,749,0,0,1,0,1,1,1,0,0
"798",686947,749,1,1,0,1,0,1,0,0,0
"799",686948,749,0,1,1,0,1,1,0,0,0
"800",687037,749,1,1,1,0,1,1,1,0,0
"801",687048,749,1,1,1,1,1,1,1,0,0
"802",687153,749,0,1,0,0,0,0,1,0,0
"803",687401,749,1,0,1,0,1,0,0,0,0
"804",687408,0,0,1,1,0,0,1,1,0,0
"805",687493,749,1,0,0,0,0,0,0,0,0
"806",687698,749,1,1,1,0,1,1,0,0,0
"807",687824,0,1,0,1,0,0,0,1,1,0
"808",688141,749,1,0,0,0,1,0,1,0,0
"809",688432,0,1,1,1,0,1,0,0,0,0
"810",688471,749,1,0,0,0,0,0,0,0,0
"811",688641,749,1,1,1,1,0,0,1,0,0
"812",688917,753,0,0,0,0,0,0,1,0,0
"813",689004,750,1,0,0,0,1,0,1,1,0
"814",689290,750,0,0,0,1,0,1,0,1,0
"815",689321,750,1,0,0,0,0,1,0,0,0
"816",689514,749,1,0,0,0,0,0,0,1,0
"817",689523,749,1,0,0,0,0,0,1,0,0
"818",689531,749,1,0,1,0,0,1,0,0,0
"819",689698,750,1,0,0,1,0,0,0,0,0
"820",689803,749,0,1,0,0,1,0,1,0,0
"821",689820,749,1,1,0,1,1,0,1,0,0
"822",689847,770,1,0,0,0,0,1,1,0,0
"823",689885,749,1,1,1,0,0,0,0,0,0
"824",689940,749,1,1,1,1,1,1,1,0,0
"825",689963,749,1,0,0,0,0,1,1,0,0
"826",689995,0,0,0,0,0,0,0,0,0,0
"827",690117,753,0,1,0,0,0,1,0,0,0
"828",690233,749,1,1,1,0,1,1,1,0,0
"829",690283,749,0,1,1,0,1,1,1,0,0
"830",690292,749,1,0,0,0,1,0,1,0,0
"831",690407,749,1,0,0,0,0,0,1,0,0
"832",690712,749,1,0,1,0,0,0,0,0,0
"833",690769,750,1,1,0,1,0,0,0,1,0
"834",690799,750,0,1,1,0,0,0,0,0,0
"835",690813,770,0,1,0,0,0,1,1,0,1
"836",690906,0,1,0,1,0,0,1,1,0,0
"837",690946,749,1,1,1,0,1,1,1,0,0
"838",690967,750,0,0,0,1,0,0,1,1,0
"839",690977,749,0,0,0,0,0,0,1,0,0
"840",691089,749,1,1,1,1,1,0,1,0,0
"841",691122,749,0,0,1,1,1,0,1,0,0
"842",691124,749,1,0,0,0,0,0,1,0,0
"843",691169,749,0,0,0,1,0,1,1,1,1
"844",691204,749,0,0,0,1,1,1,1,0,0
"845",691509,750,1,0,0,0,0,1,1,1,0
"846",691514,750,1,1,1,0,0,0,1,1,0
"847",691520,750,0,1,0,1,0,0,0,0,0
"848",691638,750,0,1,0,0,0,0,0,0,1
"849",691670,752,1,0,0,0,0,1,1,0,0
"850",691735,749,1,0,1,1,1,1,1,0,0
"851",691863,750,0,0,1,0,1,0,0,0,0
"852",691880,0,0,1,0,0,1,0,1,0,0
"853",691883,750,1,0,1,0,1,0,1,0,0
"854",691895,749,0,1,0,0,1,1,1,0,0
"855",691914,750,1,1,0,0,1,0,1,1,0
"856",692061,749,1,1,1,0,0,0,0,0,0
"857",692350,749,1,1,1,0,0,1,0,0,0
"858",692609,764,0,0,1,0,0,1,1,0,0
"859",692694,765,0,1,1,0,0,0,1,0,0
"860",692769,749,1,1,0,0,0,0,0,0,1
"861",692797,749,0,1,0,1,0,0,1,0,0
"862",692911,749,0,1,0,1,0,0,0,0,0
"863",693200,750,1,1,1,0,0,0,1,1,1
"864",693202,749,0,0,1,0,0,0,1,0,0
"865",693222,749,1,0,1,0,0,1,1,0,1
"866",693561,749,1,1,0,0,0,0,0,0,0
"867",693589,749,1,0,1,0,0,0,1,0,0
"868",693748,761,0,1,0,0,0,1,1,0,0
"869",693816,749,0,1,1,0,0,1,1,0,0
"870",693847,750,1,0,0,1,1,1,1,0,0
"871",693888,749,1,1,1,0,0,0,0,0,0
"872",693936,749,1,1,0,1,1,0,1,1,0
"873",694028,749,0,1,0,1,0,0,1,1,0
"874",694087,749,0,0,0,0,0,0,1,0,0
"875",694848,749,1,0,0,0,0,1,0,0,0
"876",694945,756,1,1,0,0,0,0,1,0,0
"877",695333,750,1,0,1,1,1,0,1,1,0
"878",695904,749,0,0,0,0,0,1,1,0,0
"879",696022,749,0,0,0,0,0,0,0,0,0
"880",696416,764,1,0,0,0,0,1,1,0,0
"881",696421,764,0,1,0,1,1,0,1,0,0
"882",696896,750,0,1,1,0,0,1,0,0,0
"883",697067,750,1,1,1,0,0,0,0,0,0
"884",697069,0,0,0,0,0,0,0,0,0,1
"885",697109,749,1,0,1,0,0,1,0,0,0
"886",697118,764,0,0,0,0,0,1,1,0,0
"887",697222,750,0,0,1,0,0,0,0,1,0
"888",697373,749,1,0,0,1,0,0,0,0,0
"889",697404,749,1,1,1,0,1,1,0,0,0
"890",697559,770,0,0,1,0,0,0,0,0,0
"891",697603,750,1,1,1,0,0,1,1,0,1
"892",697713,0,0,0,1,0,0,0,1,0,0
"893",697733,750,1,0,1,0,0,0,1,0,1
"894",697862,765,0,0,1,0,0,0,1,0,0
"895",698095,750,0,0,1,1,0,0,1,1,1
"896",698209,750,0,0,1,1,1,0,1,1,0
"897",698526,0,1,1,1,0,1,0,0,0,0
"898",699022,764,0,0,1,1,1,0,0,1,0
"899",699047,749,1,0,1,1,1,1,1,0,0
"900",699419,0,0,0,1,0,0,0,1,0,0
"901",699423,749,0,0,0,0,0,0,0,0,0
"902",699771,749,1,0,0,0,0,0,1,1,0
"903",701289,750,1,0,1,0,0,0,1,0,0
"904",701851,770,0,0,0,0,1,0,1,0,0
"905",701994,750,1,0,1,0,1,1,1,1,0
"906",702178,750,1,0,1,0,0,0,1,0,1
"907",702554,749,0,0,1,0,1,0,0,0,0
"908",702580,749,0,0,0,0,0,0,1,0,0
"909",702598,749,1,1,1,0,1,1,1,0,0
"910",702961,750,1,1,1,0,1,0,0,1,0
"911",703738,750,1,0,1,0,0,1,0,1,0
"912",704192,0,0,0,0,0,1,1,1,0,0
"913",704195,749,1,0,0,0,1,0,0,0,0
"914",704276,764,0,0,1,1,1,1,1,0,0
"915",704533,749,1,1,1,0,1,0,1,0,0
"916",706162,749,1,1,0,0,0,0,0,0,0
"917",706208,749,1,0,0,1,1,0,0,0,0
"918",706248,749,1,1,0,0,0,1,0,0,1
"919",706249,749,1,0,1,1,0,1,0,0,0
"920",706295,749,0,0,0,0,1,1,0,0,0
"921",706603,749,1,1,1,0,1,1,1,1,0
"922",706604,750,1,1,0,0,0,0,1,0,0
"923",706605,750,1,1,1,0,0,1,1,0,0
"924",706659,0,1,1,1,0,0,0,0,0,0
"925",706764,750,1,1,0,0,0,0,1,1,1
"926",706891,749,1,1,1,0,0,1,1,0,0
"927",706986,749,0,0,0,0,1,0,0,0,0
"928",706987,749,1,1,0,0,0,0,1,0,0
"929",707048,750,1,1,0,0,0,1,1,0,1
"930",707142,770,1,1,1,1,1,1,1,0,1
"931",707769,749,1,1,0,0,0,0,1,0,0
"932",707845,0,0,0,0,0,0,0,1,0,0
"933",707862,749,1,1,1,0,1,1,1,0,0
"934",707924,750,0,0,0,0,0,0,1,1,0
"935",707937,759,1,0,1,0,0,0,1,0,0
"936",708030,0,0,0,1,0,0,0,0,0,0
"937",708058,750,0,1,1,0,0,1,0,0,0
"938",708094,749,1,0,0,0,0,0,0,0,0
"939",708140,749,0,0,0,0,0,0,1,0,0
"940",708171,750,1,0,1,0,0,1,0,0,0
"941",708199,749,0,0,0,1,1,0,1,0,0
"942",708241,749,0,0,1,0,0,1,0,1,0
"943",708517,749,1,0,1,1,0,0,1,0,0
"944",708526,749,1,0,0,0,1,1,0,0,0
"945",708944,749,0,1,1,1,1,1,0,1,0
"946",708953,749,1,0,0,0,1,0,0,0,0
"947",708956,0,0,1,0,1,1,1,0,0,0
"948",708989,750,1,1,0,1,0,0,1,0,0
"949",709285,752,0,1,0,0,1,0,1,0,0
"950",709544,770,0,1,1,0,0,1,1,0,0
"951",709567,749,0,0,0,0,0,1,1,0,0
"952",710348,749,0,1,1,1,1,0,1,0,0
"953",710713,749,0,1,0,0,0,0,0,0,0
"954",711028,770,1,0,1,0,0,0,1,0,0
"955",711251,750,1,0,1,0,0,0,1,0,0
"956",711379,750,1,1,1,1,0,1,1,0,0
"957",711442,0,0,1,1,0,0,1,1,0,1
"958",711578,749,1,0,1,0,0,0,1,0,0
"959",711889,749,0,1,0,1,1,1,1,0,0
"960",711895,750,1,0,1,1,0,1,0,1,0
"961",711974,749,0,0,1,0,0,0,1,0,0
"962",712074,765,1,0,0,0,1,1,1,0,0
"963",712079,0,0,0,0,1,0,0,0,1,1
"964",712129,749,1,0,0,0,0,0,0,0,0
"965",712131,750,1,1,1,0,1,0,1,1,0
"966",712204,749,1,0,0,1,0,0,1,0,0
"967",712212,752,1,1,1,0,0,0,1,0,0
"968",712536,759,1,0,0,0,1,0,0,0,0
"969",712540,759,0,0,1,0,1,1,1,0,0
"970",713058,761,0,1,1,0,0,1,1,1,0
"971",713136,750,1,0,0,0,0,0,0,0,0
"972",713145,749,0,0,0,0,0,0,1,0,0
"973",713148,750,1,0,0,0,0,0,1,1,1
"974",713155,749,1,1,1,0,1,0,0,0,0
"975",713158,749,0,0,1,0,0,1,0,0,0
"976",713165,749,0,0,0,0,1,0,1,0,0
"977",713248,750,1,0,0,0,0,0,1,0,1
"978",713607,759,1,1,1,0,0,0,0,0,0
"979",713720,749,1,0,0,1,1,1,1,0,0
"980",713779,765,1,0,0,0,0,0,1,0,0
"981",713997,752,1,1,0,0,0,1,1,0,0
"982",714028,770,1,1,1,0,1,1,1,0,0
"983",714394,749,0,0,1,0,0,0,1,0,0
"984",714544,749,1,0,1,1,1,1,1,0,0
"985",714723,749,0,0,1,0,0,0,1,1,0
"986",714738,749,0,0,0,0,0,1,1,0,1
"987",715086,770,1,0,1,0,0,0,0,0,0
"988",715095,749,1,0,0,0,1,0,1,0,0
"989",716415,750,1,1,1,1,1,0,1,1,1
"990",719660,750,1,0,1,0,0,0,0,1,0
"991",719882,750,1,0,0,1,0,1,1,1,1
"992",720042,0,0,1,0,1,1,1,1,0,0
"993",720185,750,1,0,1,0,0,0,1,1,0
"994",720304,759,1,0,0,0,0,1,0,0,0
"995",720470,749,1,1,1,1,1,0,1,0,0
"996",720577,749,1,0,0,0,0,0,1,0,0
"997",720648,0,1,0,0,0,0,0,1,0,0
"998",720734,749,0,0,1,1,0,0,1,0,0
"999",721196,765,0,0,1,0,0,1,1,1,0
"1000",721214,750,0,0,0,0,0,0,0,1,0
"1001",721362,749,1,1,0,1,0,0,1,1,0
"1002",721479,0,1,0,1,0,0,0,0,0,0
"1003",721600,750,1,1,1,0,1,0,1,0,0
"1004",722015,0,1,1,0,0,0,0,0,1,1
"1005",722660,749,1,0,1,1,1,0,1,0,0
"1006",722808,752,0,1,1,0,0,1,0,0,0
"1007",723019,0,1,1,1,1,1,0,1,0,0
"1008",724677,749,0,0,0,0,1,0,0,0,0
"1009",724896,0,0,0,0,0,0,0,0,0,0
"1010",725389,749,1,0,1,1,1,0,0,0,1
"1011",725518,750,1,1,1,0,0,0,1,0,1
"1012",725529,750,1,1,1,0,1,1,1,0,0
"1013",725574,749,0,1,0,0,0,0,0,0,0
"1014",725759,749,0,1,0,0,0,0,1,1,0
"1015",725864,750,1,0,0,0,0,0,1,0,0
"1016",726136,749,0,1,1,0,0,1,1,0,0
"1017",726508,750,0,0,0,1,1,0,1,0,0
"1018",726775,0,0,0,0,0,0,1,1,0,0
"1019",726779,0,0,0,1,0,0,1,1,0,0
"1020",726793,750,0,0,0,1,1,0,1,1,0
"1021",726793,0,1,0,0,0,0,0,0,0,0
"1022",726884,0,1,0,0,0,0,1,0,0,0
"1023",726896,750,1,0,1,1,1,1,1,0,0
"1024",726944,765,0,1,1,0,1,0,0,0,0
"1025",727033,758,0,0,0,0,0,0,1,1,0
"1026",727072,0,0,0,0,1,1,1,0,1,0
"1027",727177,749,1,1,0,1,1,0,1,0,1
"1028",727192,749,0,1,0,0,1,1,1,0,0
"1029",727374,752,1,1,1,0,0,1,1,0,1
"1030",727925,770,0,0,0,0,1,1,0,0,0
"1031",727992,749,1,0,0,0,0,1,1,0,0
"1032",728001,750,0,0,0,1,1,0,1,0,0
"1033",728014,759,1,1,0,1,0,0,0,0,0
"1034",728230,749,0,0,1,0,1,1,0,0,0
"1035",728297,0,0,1,0,0,0,0,1,0,0
"1036",728711,0,0,1,0,1,1,1,1,0,0
"1037",728954,750,0,0,1,0,0,0,1,1,0
"1038",729109,749,1,1,0,1,1,1,1,0,0
"1039",729195,749,1,0,1,0,1,0,1,0,0
"1040",729470,750,1,1,1,1,1,1,1,1,1
"1041",729541,759,0,0,0,0,1,0,0,0,0
"1042",729542,759,0,0,0,0,1,1,1,0,0
"1043",729582,749,0,0,1,0,0,0,1,0,0
"1044",730004,749,0,0,1,1,0,1,1,0,0
"1045",730112,749,1,0,0,0,0,0,1,0,0
"1046",730146,750,0,0,1,1,0,0,1,1,0
"1047",730160,750,1,0,1,0,0,0,0,0,0
"1048",730284,749,0,1,0,0,0,0,1,0,0
"1049",730310,750,1,0,0,0,1,0,1,0,0
"1050",730427,749,1,1,1,0,1,1,0,0,0
"1051",730459,753,1,0,1,1,1,1,1,0,0
"1052",730676,0,0,1,0,0,0,0,0,0,0
"1053",730699,752,0,0,0,0,1,0,0,1,0
"1054",730919,0,0,0,0,0,0,0,1,1,0
"1055",731012,749,1,1,0,1,1,0,1,0,0
"1056",731040,750,1,1,1,0,0,1,1,1,1
"1057",731176,749,1,1,1,0,0,1,1,0,0
"1058",731278,770,0,0,0,0,0,1,0,1,0
"1059",731367,750,0,1,0,1,0,0,1,0,0
"1060",731643,749,0,0,0,0,0,0,1,0,0
"1061",731666,750,0,0,1,0,1,0,1,0,0
"1062",731860,770,1,0,1,0,1,0,1,0,0
"1063",731948,750,1,1,0,0,1,0,0,0,0
"1064",734089,752,1,0,1,0,1,1,0,0,0
"1065",734616,750,1,0,0,0,0,0,1,0,0
"1066",734695,749,1,0,0,1,0,0,1,0,0
"1067",736806,749,0,1,0,0,0,1,1,0,0
"1068",737175,749,0,0,0,1,0,1,1,0,0
"1069",737281,770,0,0,1,0,0,1,1,0,1
"1070",737377,753,1,0,1,0,0,0,1,0,0
"1071",737397,770,1,0,0,1,0,1,1,0,0
"1072",737815,749,1,1,0,0,0,0,1,0,0
"1073",737816,770,1,0,1,1,0,0,1,1,0
"1074",737927,770,0,0,0,0,0,0,0,0,0
"1075",738225,770,1,1,0,1,1,0,0,0,0
"1076",738663,0,1,1,0,1,1,0,0,0,0
"1077",738984,749,1,1,0,0,1,0,1,0,0
"1078",739161,752,0,1,0,0,0,1,0,0,0
"1079",739444,749,0,1,1,0,0,0,1,0,0
"1080",739663,765,0,0,0,0,0,0,1,0,0
"1081",739866,749,1,0,0,1,0,1,1,0,0
"1082",740490,749,1,1,0,1,1,0,1,0,0
"1083",740616,0,1,0,0,1,0,0,1,1,0
"1084",740839,750,0,0,0,1,0,0,1,1,1
"1085",741321,749,1,0,1,0,0,1,0,0,0
"1086",741495,749,1,1,1,0,0,1,1,0,0
"1087",741594,750,1,0,1,0,1,1,1,0,0
"1088",741602,749,0,0,0,0,0,1,1,0,0
"1089",741631,749,1,1,1,1,1,1,1,0,0
"1090",741813,765,1,0,1,0,0,0,1,0,0
"1091",741892,749,1,1,1,0,1,1,1,0,0
"1092",741952,753,1,1,0,1,0,1,1,1,0
"1093",741990,767,0,0,0,0,0,0,0,0,0
"1094",742194,749,0,0,0,0,0,1,1,0,0
"1095",742206,749,1,0,0,0,1,1,0,0,0
"1096",742320,749,1,1,1,0,0,0,1,0,0
"1097",742594,0,0,0,0,0,1,0,0,0,0
"1098",742754,749,0,1,0,0,0,1,1,0,0
"1099",743315,749,0,0,0,0,0,0,0,0,0
"1100",743325,754,1,1,0,0,1,1,0,0,0
"1101",743330,770,1,0,0,0,1,0,1,0,0
"1102",743340,761,1,0,1,0,0,0,1,0,0
"1103",743344,765,0,1,1,1,0,0,1,0,0
"1104",743349,0,1,1,0,0,1,0,0,1,0
"1105",743478,756,0,0,1,0,0,0,0,1,1
"1106",743529,749,1,1,1,0,0,1,1,0,0
"1107",743594,0,1,0,0,0,0,0,1,0,0
"1108",743621,750,1,1,1,0,0,0,1,1,1
"1109",743635,0,0,0,0,1,0,0,0,0,0
"1110",743649,770,1,1,0,0,0,0,1,0,0
"1111",743684,750,1,0,1,1,0,1,1,0,1
"1112",743822,759,0,0,0,0,0,0,0,0,0
"1113",743943,749,0,1,0,0,0,0,1,0,0
"1114",744157,750,0,0,0,0,0,1,1,0,0
"1115",744179,764,1,1,1,1,1,0,1,0,0
"1116",744199,770,1,1,0,0,0,0,1,0,0
"1117",744219,749,1,0,1,1,1,0,1,0,0
"1118",744490,750,0,1,1,0,1,0,0,0,1
"1119",745002,760,0,0,0,0,0,0,1,0,0
"1120",745024,749,1,1,0,0,1,1,1,0,0
"1121",745078,752,1,1,1,1,1,0,1,0,0
"1122",745175,759,0,0,0,0,0,1,1,0,0
"1123",745222,758,0,1,0,0,0,0,0,0,0
"1124",745243,749,1,0,0,0,0,1,1,0,0
"1125",745277,749,1,0,0,0,1,0,1,0,0
"1126",745700,752,1,1,0,1,0,0,1,0,0
"1127",745773,749,1,0,1,1,0,0,0,0,0
"1128",746180,750,1,0,0,0,0,1,1,0,1
"1129",746318,750,0,1,0,1,1,0,0,1,1
"1130",746377,749,1,1,1,1,0,0,1,0,1
"1131",746441,749,0,1,0,1,1,0,1,0,0
"1132",746442,749,0,1,1,0,1,1,1,0,0
"1133",746476,770,1,0,0,1,1,0,1,0,1
"1134",746672,749,0,0,0,0,0,1,0,0,0
"1135",746734,761,1,0,1,1,1,1,1,0,0
"1136",746735,0,0,0,1,0,1,0,0,1,0
"1137",746786,749,0,1,1,0,1,0,1,0,0
"1138",747078,770,0,0,0,0,1,1,0,0,0
"1139",747798,750,1,1,0,0,0,0,0,1,0
"1140",747858,749,0,0,1,0,0,1,0,1,1
"1141",748171,749,0,1,0,0,1,0,0,0,0
"1142",749311,770,1,1,1,0,0,0,1,0,0
"1143",749493,749,1,1,1,0,0,1,1,0,0
"1144",753120,759,0,0,1,1,1,0,1,0,0
"1145",753490,750,1,1,1,0,1,1,1,1,1
"1146",753499,750,0,1,1,1,1,0,1,0,0
"1147",753548,770,0,0,0,1,1,1,1,0,0
"1148",753763,749,0,1,1,0,0,0,1,0,0
"1149",753871,750,0,0,0,0,1,0,0,0,0
"1150",753945,750,1,0,1,0,0,0,0,0,1
"1151",754096,0,0,0,1,0,0,0,0,0,0
"1152",754097,749,0,0,0,0,0,0,0,0,0
"1153",754859,761,1,1,1,1,0,0,1,0,0
"1154",754875,749,1,1,1,0,0,1,1,0,1
"1155",754985,749,0,1,1,0,1,1,1,0,0
"1156",755414,750,1,0,1,0,0,1,1,0,0
"1157",755426,749,1,1,1,0,0,0,1,0,0
"1158",755998,749,1,1,1,0,0,1,1,0,0
"1159",756268,750,1,0,0,1,1,0,0,1,1
"1160",757118,750,1,0,1,0,1,0,1,1,0
"1161",757359,0,1,0,0,0,0,0,0,0,0
"1162",757732,758,0,1,0,1,1,0,1,0,0
"1163",757734,0,1,0,1,0,0,1,1,0,0
"1164",757889,749,0,0,1,0,1,1,0,0,0
"1165",757993,749,1,0,0,1,1,1,1,0,0
"1166",757994,749,1,1,0,0,1,0,1,0,0
"1167",758017,750,1,1,1,1,0,0,1,1,1
"1168",758026,749,0,1,0,0,0,1,1,0,0
"1169",758201,750,1,1,1,0,1,1,1,1,0
"1170",758258,749,1,0,0,0,1,0,1,0,0
"1171",758336,749,0,1,1,1,1,0,0,0,0
"1172",758482,749,0,1,1,0,0,0,1,0,0
"1173",758518,750,0,1,0,0,0,1,1,0,0
"1174",758685,749,0,1,1,0,0,1,1,0,0
"1175",758865,749,1,1,1,1,1,1,0,0,1
"1176",759028,749,0,1,1,0,0,1,1,0,0
"1177",759110,750,0,0,1,0,1,0,1,1,0
"1178",759167,749,1,1,1,0,1,1,1,0,0
"1179",759215,0,0,1,1,0,1,0,0,1,0
"1180",759269,765,1,0,1,0,0,0,0,0,0
"1181",759403,0,0,0,0,0,0,0,0,0,0
"1182",760114,749,0,1,1,0,0,1,1,1,1
"1183",760312,754,0,0,0,1,0,1,1,0,0
"1184",760453,765,1,0,1,0,0,1,0,0,0
"1185",760453,765,0,1,0,0,0,1,0,0,0
"1186",760833,749,1,0,0,0,1,0,0,0,0
"1187",760834,749,1,0,0,0,0,0,1,1,0
"1188",761171,770,0,0,0,1,1,1,0,0,0
"1189",761336,749,0,0,0,0,0,0,0,0,0
"1190",761372,765,1,1,0,0,1,0,0,0,0
"1191",762181,749,0,0,0,0,0,0,0,0,0
"1192",762602,0,0,0,0,0,0,1,1,0,0
"1193",762605,750,1,1,0,1,0,1,0,0,0
"1194",762929,767,0,0,0,0,0,0,0,1,0
"1195",763687,749,1,1,1,1,0,1,1,0,0
"1196",763960,749,1,1,1,1,1,1,1,0,0
"1197",764038,759,0,0,1,1,1,0,0,0,0
"1198",764938,762,1,0,0,0,1,1,1,0,0
"1199",767015,749,1,0,1,0,0,0,1,0,0
"1200",767017,749,1,1,0,1,1,0,1,0,0
"1201",767130,749,1,0,0,0,0,1,1,0,0
"1202",768757,749,1,1,0,0,0,1,1,0,0
"1203",769137,749,1,0,1,0,0,1,0,0,0
"1204",769405,0,1,0,0,1,1,0,1,0,0
"1205",770929,749,1,1,0,0,1,0,1,0,0
"1206",771377,749,0,0,1,0,0,0,1,0,0
"1207",771484,0,0,1,1,0,1,0,1,0,0
"1208",771785,0,1,0,0,0,1,0,0,0,0
"1209",771827,749,1,0,1,1,1,0,0,0,0
"1210",771859,749,0,0,0,1,1,0,1,0,0
"1211",773172,765,0,0,0,1,0,0,1,0,0
"1212",773621,750,1,0,0,0,0,0,0,1,0
"1213",773911,759,1,0,1,1,0,1,0,0,0
"1214",774440,749,1,1,0,0,1,0,1,0,0
"1215",774999,752,0,0,0,0,0,0,1,0,0
"1216",775043,750,0,1,1,0,0,0,1,0,0
"1217",775897,749,1,1,0,0,0,1,1,0,0
"1218",776176,770,1,1,1,1,1,0,0,0,0
"1219",776192,749,1,0,1,1,0,0,0,0,0
"1220",776374,770,1,1,0,0,1,0,1,0,0
"1221",776657,749,1,0,0,0,0,0,0,0,0
"1222",776839,750,1,0,0,0,0,1,0,0,0
"1223",776958,749,0,0,1,0,0,0,0,0,1
"1224",777145,759,0,0,0,0,1,1,0,0,0
"1225",777154,749,0,1,0,0,1,0,1,0,0
"1226",777273,749,1,1,0,0,0,0,1,0,0
"1227",777432,749,1,1,1,1,1,1,1,0,0
"1228",777676,749,1,0,1,0,0,1,0,0,0
"1229",777683,749,1,0,0,1,1,1,1,0,0
"1230",777728,749,0,1,1,0,1,1,1,0,0
"1231",777932,749,0,0,1,0,1,0,1,0,0
"1232",778011,750,1,1,1,1,0,1,0,1,0
"1233",778055,749,1,0,1,0,0,1,1,0,1
"1234",778067,750,1,1,0,1,0,0,0,0,0
"1235",778169,749,1,1,1,1,1,1,1,0,0
"1236",778411,0,1,1,0,0,1,1,1,0,0
"1237",778448,750,1,0,1,0,1,0,1,1,0
"1238",778694,764,0,0,1,0,0,0,0,0,0
"1239",778740,749,1,1,1,1,1,1,1,0,0
"1240",778905,749,1,0,0,0,0,0,1,0,0
"1241",778960,749,1,1,0,0,1,1,0,0,0
"1242",779038,749,0,1,0,0,1,1,1,0,0
"1243",779415,749,1,1,1,0,1,0,1,1,0
"1244",779533,749,0,0,0,0,0,0,0,0,0
"1245",779627,750,0,1,1,1,0,1,1,0,0
"1246",779629,750,1,1,1,0,1,1,1,1,0
"1247",780103,749,1,0,0,0,1,1,1,0,0
"1248",780426,749,1,1,1,0,0,1,1,0,0
"1249",780785,759,1,0,1,1,0,0,1,0,0
"1250",781089,749,1,0,1,0,0,0,1,0,0
"1251",781205,749,1,0,0,1,1,0,0,0,0
"1252",781425,749,1,1,1,0,0,1,1,0,0
"1253",781677,750,0,0,1,0,0,1,1,1,0
"1254",781724,765,0,0,0,0,0,1,0,0,0
"1255",782205,749,0,1,1,0,0,0,1,0,0
"1256",783386,749,1,0,1,0,0,0,0,1,0
"1257",783427,770,1,1,0,1,0,0,0,0,0
"1258",784024,749,0,0,0,0,0,0,0,0,0
"1259",784712,750,0,1,1,1,1,0,1,0,0
"1260",784760,750,1,1,0,1,0,0,1,0,0
"1261",785269,0,1,1,0,0,0,0,0,0,0
"1262",785999,749,1,1,1,1,1,0,1,0,0
"1263",786472,0,0,1,0,0,1,1,0,1,0
"1264",788637,765,0,0,0,0,0,0,1,0,0
"1265",788641,770,0,0,0,0,0,1,1,0,0
"1266",788704,749,0,1,0,1,1,1,1,0,0
"1267",789275,750,0,0,0,0,0,1,1,1,0
"1268",790126,750,1,1,0,1,1,0,1,0,0
"1269",790214,0,1,0,0,0,0,0,0,0,0
"1270",791522,770,1,0,1,1,1,0,0,0,0
"1271",791871,749,1,1,0,1,0,1,1,0,0
"1272",792306,0,0,0,1,0,0,1,0,1,1
"1273",792310,758,0,1,0,0,0,1,1,0,0
"1274",792424,749,1,1,1,0,0,1,0,0,0
"1275",792685,0,0,0,0,0,0,0,0,0,0
"1276",794366,749,1,1,0,0,0,1,1,0,0
"1277",794638,749,1,1,1,1,0,0,1,0,0
"1278",794647,749,1,0,1,1,0,1,1,0,0
"1279",794730,749,0,0,0,0,1,1,1,0,0
"1280",794749,749,1,0,1,0,0,0,1,0,0
"1281",794762,749,1,1,1,1,1,1,1,0,0
"1282",794767,749,1,0,1,1,0,1,1,1,0
"1283",794773,749,0,1,1,0,0,0,1,0,0
"1284",794777,749,1,0,1,0,1,0,1,0,0
"1285",794780,749,0,0,0,1,1,1,1,0,0
"1286",794795,770,1,0,0,0,0,0,0,1,0
"1287",794807,749,1,1,1,1,0,0,1,0,0
"1288",794832,770,0,0,0,0,0,0,0,0,0
"1289",794848,749,0,0,1,0,0,1,1,0,0
"1290",794884,749,0,1,1,1,0,1,0,0,0
"1291",794885,749,1,0,0,1,1,0,1,1,1
"1292",794887,749,1,0,0,0,1,0,1,0,0
"1293",794890,749,1,0,1,0,0,1,1,0,0
"1294",794893,749,0,1,1,1,1,0,1,0,0
"1295",794894,749,1,1,0,0,1,1,1,0,0
"1296",794895,770,1,1,1,1,1,0,1,0,0
"1297",794898,750,1,1,1,1,0,0,0,0,0
"1298",794900,749,1,0,1,0,0,1,1,0,0
"1299",794903,750,1,0,0,0,0,1,0,0,0
"1300",794907,749,1,0,1,1,1,1,1,0,0
"1301",794910,770,0,1,1,0,0,1,1,0,0
"1302",794912,750,1,0,0,0,0,0,0,0,1
"1303",794952,770,1,0,0,0,1,0,1,0,0
"1304",794974,749,0,1,0,0,0,1,1,0,0
"1305",794991,749,0,0,1,1,1,1,1,0,0
"1306",795018,770,0,1,1,0,1,1,1,0,0
"1307",795047,0,0,0,1,0,0,1,0,0,0
"1308",795093,749,1,1,0,0,1,0,1,1,0
"1309",795094,749,1,1,1,0,1,0,1,0,0
"1310",795116,749,1,1,0,0,0,0,0,0,0
"1311",795123,749,1,1,0,0,0,0,0,0,0
"1312",795125,749,1,1,1,0,1,0,0,0,0
"1313",795127,763,0,0,0,1,1,1,1,0,0
"1314",795389,0,1,1,0,0,0,0,1,1,0
"1315",796173,749,1,1,0,0,0,0,0,0,0
"1316",797257,749,1,0,1,1,1,1,0,0,0
"1317",797627,749,0,1,0,0,0,1,0,0,0
"1318",797665,750,0,1,0,0,1,1,1,0,0
"1319",797674,749,1,1,1,0,0,0,0,0,0
"1320",797748,749,1,0,0,0,0,0,0,0,0
"1321",797763,749,1,0,0,0,0,1,1,0,0
"1322",3182000,750,1,0,0,1,1,0,1,1,0
"1323",6889323,750,1,1,1,0,0,0,1,1,0
"1324",7263667,749,0,1,1,0,1,0,1,0,0
"1325",7436114,765,1,0,0,0,0,0,1,0,0
"1326",66280210,0,0,0,0,0,0,1,1,0,0
"1327",0,749,1,1,0,0,1,1,1,0,0
